Karl Valliste;karl.valliste@gmail.com;Eleri Valliste
Eleri Valliste;eleri.valliste@gmail.com;Karl Valliste
Raimo Urgard;raimo.urgard@gmail.com;Karmen Urgard
Karmen Urgard;karmen.urgard@gmail.com;Raimo Urgard
Urmas Urgard;urmas@esteve.ee;Lea Urgard
Lea Urgard;lea.urgard@gmail.com;Urmas Urgard
Liis Lorens;lorensliis@gmail.com;Olavi Kärner
Olavi Kärner;metslaan@gmail.com;Liis Lorens
Urve Lorens;urve.lorens@mail.ee
Jaan Lorens;jaan.lorens@hotmail.com;Geiu Lorens
Geiu Lorens;geiu.lorens@gmail.com;Jaan Lorens
Urma Kangru;urma2@hot.ee;Andi Annijaani;Maigi Nikitin;
Andi Annijaani;andi.annijaani@gmail.com;Urma Kangru;Maigi Nikitin;
Ain Rahnel;ain@vensen.ee;Maigi Nikitin;Iren Rahnel;Liis Rahnel;
Maigi Nikitin;maiginikitin@gmail.com;Ain Rahnel;Andi Annijaani;Urma Kangru
Liis Rahnel;liis.rahnel@gmail.com;Iren Rahnel;Ain Rahnel
Iren Rahnel;Iren.rahnel@hotmail.com;Liis Rahnel;Ain Rahnel
Vaige Urgard;vaige@hot.ee